item,img,
Cardinals,img/cardinal-wikimedia.jpg,
Chickadees,img/chickadee-wikimedia.jpg,
Doves,img/doves-wikimedia.jpg,https://fr.wikipedia.org/wiki/Fichier:Oriental_Turtle_Dove.jpg
Goldfinches,img/goldfinch-wikipedia.JPG,https://en.wikipedia.org/wiki/American_goldfinch
Grosbeaks,img/gros-break-wikipedia.jpg,https://en.wikipedia.org/wiki/Grosbeak
House Finches,img/house-finch-wikipedia.jpg,https://en.wikipedia.org/wiki/House_finch
Jays,img/jay-wikipedia.jpg,https://en.wikipedia.org/wiki/Jay
Juncos,img/junco-wikipedia.jpg,https://en.wikipedia.org/wiki/Junco
Nuthatches,img/nutch-wikipedia.jpg,https://en.wikipedia.org/wiki/Nuthatch
Purple Finches,img/purple-finch-wikipedia.jpg,https://en.wikipedia.org/wiki/Purple_finch
Siskins,img/sikins-wikipedia.jpg,https://en.wikipedia.org/wiki/Pine_siskin
Sparrows,img/sparrow-wikipedia.jpg,https://en.wikipedia.org/wiki/Sparrow
Titmice,img/timtice-wikipedia.jpg,https://en.wikipedia.org/wiki/Baeolophus
Towhees,img/towhee-wikipedia.jpg,https://en.wikipedia.org/wiki/Towhee
Woodpeckers,img/woodpecker-wikipedia.JPG,https://en.wikipedia.org/wiki/Woodpecker
Black Oil Sunflower,img/black-oil-sunflower-wikimedia.jpg,https://commons.wikimedia.org/wiki/File:Black_Helianthus_annuus_seeds_2.jpg
Striped Sunflower,img/striped-sunflower-wikipedia.jpg,https://en.wikipedia.org/wiki/Sunflower_seed
Hulled Sunflower,img/seed-wikipedia.jpg,https://en.wikipedia.org/wiki/Sunflower_seed
Millet White/red,img/millet-wikipedia.JPG,https://en.wikipedia.org/wiki/Millet
Milo Seed,img/milo-wikipedia.jpg,https://en.wikipedia.org/wiki/Commercial_sorghum
NyjerSeed (Thistle),img/nyjer-wikipedia.jpg,https://en.wikipedia.org/wiki/Guizotia_abyssinica
Shelled Peanuts,img/peanut-wikipedia.jpg,https://en.wikipedia.org/wiki/Peanut
Safflower Seed,img/Safflower-wikimedia.jpg,https://commons.wikimedia.org/w/index.php?search=Safflower&title=Special:Search&profile=default&fulltext=1&searchToken=5i49wjzc1yqdj155z2n0xh49r#/media/File:Safflower.jpg
Corn Products,img/corn-wikipedia.jpg,https://en.wikipedia.org/wiki/Corn_starch#/media/File:Corn_3different_types.jpg
